City_ID,City,Lat,Lng,Max Temp,Humidity,Cloudiness,Wind Speed,Country,Date
0,grytviken,-54.2811,-36.5092,27.86,90,100,2.37,GS,1697142914
1,port douglas,-16.4833,145.4667,71.01,75,100,6.24,AU,1697142915
2,puerto baquerizo moreno,-0.9,-89.6,81.59,69,40,11.5,EC,1697142748
3,port alfred,-33.5906,26.891,58.17,89,18,1.99,ZA,1697142917
4,iqaluit,63.7506,-68.5145,31.73,80,40,2.3,CA,1697142917
5,swansea,51.6208,-3.9432,60.67,98,100,1.01,GB,1697142918
6,san ramon,37.7799,-121.978,80.29,36,0,6.91,US,1697142854
7,adamstown,-25.066,-130.1015,69.51,70,97,11.52,PN,1697142918
8,stanley,54.868,-1.6985,43.79,90,0,3.44,GB,1697142919
9,salekhard,66.53,66.6019,30.2,91,100,10.13,RU,1697142919
10,anadyr,64.75,177.4833,41.5,93,75,22.37,RU,1697142919
11,kiunga,-6.1219,141.2906,73.65,99,100,1.14,PG,1697142919
12,happy valley-goose bay,53.3168,-60.3315,52.11,82,75,11.5,CA,1697142920
13,port-aux-francais,-49.35,70.2167,35.94,81,79,16.44,TF,1697142920
14,waitangi,-43.9535,-176.5597,50.83,76,66,7.0,NZ,1697142920
15,gaiman,-43.2897,-65.4929,55.29,36,8,12.17,AR,1697142921
16,fort bragg,35.139,-79.006,73.13,64,100,10.36,US,1697142921
17,puerto natales,-51.7236,-72.4875,55.85,50,20,23.02,CL,1697142921
18,puerto ayora,-0.7393,-90.3518,82.36,75,75,12.03,EC,1697142921
19,blackmans bay,-43.0167,147.3167,48.33,87,85,1.01,AU,1697142922
20,port mathurin,-19.6833,63.4167,73.62,74,1,8.32,MU,1697142922
21,rzhyshchiv,49.9689,31.0463,61.81,47,100,15.12,UA,1697142922
22,ixtapa,20.7,-105.2,85.23,70,40,10.36,MX,1697142922
23,hilo,19.7297,-155.09,84.09,75,100,4.61,US,1697142656
24,carnarvon,-24.8667,113.6333,72.12,69,29,12.08,AU,1697142923
25,beruniy,41.6911,60.7525,44.56,81,100,16.11,UZ,1697142923
26,ayr,55.4627,-4.6339,51.51,76,75,10.36,GB,1697142923
27,papatowai,-46.5619,169.4708,59.11,52,94,15.03,NZ,1697142923
28,yellowknife,62.456,-114.3525,43.32,100,100,3.44,CA,1697142924
29,qobustan,40.0824,49.412,57.78,62,23,5.99,AZ,1697142924
30,avarua,-21.2078,-159.775,77.05,78,20,6.91,CK,1697142924
31,esmeraldas,-19.7625,-44.3139,92.44,42,83,2.64,BR,1697142924
32,yallahs,17.8748,-76.5624,91.13,76,97,8.61,JM,1697142925
33,tiksi,71.6872,128.8694,23.2,96,100,9.73,RU,1697142925
34,bardai,11.65,7.2333,78.3,34,23,6.89,NG,1697142925
35,whitehorse,60.7161,-135.0538,44.1,71,75,10.36,CA,1697142925
36,namibe,-15.1961,12.1522,67.06,80,9,4.59,AO,1697142764
37,chos malal,-37.3781,-70.2709,67.93,13,1,1.12,AR,1697142926
38,westport,41.1415,-73.3579,71.29,52,75,8.05,US,1697142926
39,kenai,60.5544,-151.2583,36.14,98,100,8.05,US,1697142892
40,gizo,-8.103,156.8419,78.31,87,100,14.16,SB,1697142926
41,murzuq,25.9155,13.9184,74.71,29,0,9.35,LY,1697142926
42,luderitz,-26.6481,15.1594,59.56,76,0,20.94,NA,1697142927
43,nicoya,10.1483,-85.452,83.3,83,90,4.7,CR,1697142927
44,tadine,-21.55,167.8833,70.38,81,89,16.08,NC,1697142927
45,albany,42.6001,-73.9662,63.59,60,52,8.12,US,1697142664
46,kochi,9.9399,76.2602,76.98,91,100,3.27,IN,1697142928
47,hawaiian paradise park,19.5933,-154.9731,83.88,72,100,4.61,US,1697142928
48,vilyuchinsk,52.9306,158.4028,38.93,84,99,5.66,RU,1697142928
49,axim,4.8699,-2.2405,74.23,95,100,8.3,GH,1697142928
50,west island,-12.1568,96.8225,76.98,78,75,12.66,CC,1697142929
51,bredasdorp,-34.5322,20.0403,57.25,78,96,10.8,ZA,1697142929
52,tsetserleg,47.475,101.4542,38.12,53,3,4.5,MN,1697142929
53,maluso,6.543,121.8753,79.56,84,15,4.43,PH,1697142929
54,bethel,41.3712,-73.414,70.02,48,0,3.44,US,1697142929
55,wanning,18.8003,110.3967,77.5,89,100,13.02,CN,1697142930
56,cannonvale,-20.2833,148.7,70.99,66,43,5.73,AU,1697142930
57,usinsk,65.9939,57.5281,30.07,98,100,5.01,RU,1697142930
58,kilgore,32.3863,-94.8758,80.89,64,75,8.05,US,1697142930
59,willows,39.5243,-122.1936,78.91,19,24,10.22,US,1697142931
60,mount isa,-20.7333,139.5,74.97,27,9,10.36,AU,1697142636
61,buka,40.8108,69.1986,55.71,70,100,11.5,UZ,1697142931
62,andergrove,-21.0833,149.1833,63.64,70,5,1.16,AU,1697142931
63,mambolo,8.9231,-13.0444,79.09,95,100,4.76,SL,1697142931
64,dunedin,-45.8742,170.5036,60.08,83,86,1.99,NZ,1697142676
65,nova sintra,14.8667,-24.7167,76.19,77,99,5.06,CV,1697142932
66,petropavlovsk-kamchatsky,53.0452,158.6483,37.45,73,75,15.01,RU,1697142932
67,saint-joseph,-21.3667,55.6167,71.98,86,56,6.82,RE,1697142676
68,ushuaia,-54.8,-68.3,47.86,56,20,34.52,AR,1697142933
69,lander,42.833,-108.7307,43.39,92,100,10.36,US,1697142933
70,thompson,55.7435,-97.8558,53.76,62,20,3.44,CA,1697142933
71,toliara,-23.35,43.6667,75.36,77,1,5.17,MG,1697142933
72,howard springs,-12.497,131.047,77.83,80,10,2.17,AU,1697142934
73,sant antoni de portmany,38.9807,1.3036,73.09,84,40,4.61,ES,1697142674
74,iskateley,67.6803,53.1512,34.02,76,100,8.99,RU,1697142934
75,bodo,67.28,14.405,37.78,93,0,2.3,NO,1697142750
76,margaret river,-33.95,115.0667,50.11,88,7,9.4,AU,1697142934
77,longyearbyen,78.2186,15.6401,28.24,64,75,10.36,SJ,1697142935
78,new norfolk,-42.7826,147.0587,49.5,78,100,6.22,AU,1697142935
79,ilulissat,69.2167,-51.1,24.82,58,75,2.3,GL,1697142935
80,udachny,66.4167,112.4,19.45,85,58,8.59,RU,1697142935
81,vila franca do campo,37.7167,-25.4333,68.88,99,22,7.92,PT,1697142936
82,yanchep,-31.55,115.6833,60.93,46,0,14.0,AU,1697142936
83,arno,60.1167,18.6333,49.78,64,3,14.74,SE,1697142936
84,bissau,11.8636,-15.5977,86.11,79,20,2.3,GW,1697142936
85,puduvayal,13.3333,80.1667,82.98,84,98,3.36,IN,1697142936
86,edinburgh of the seven seas,-37.0676,-12.3116,55.4,79,27,7.61,SH,1697142937
87,paita,-5.0892,-81.1144,71.28,76,97,16.87,PE,1697142937
88,namsos,64.4662,11.4957,44.65,93,100,6.91,NO,1697142937
89,tolanaro,-25.0319,46.9987,68.07,94,75,11.5,MG,1697142937
90,inari,68.906,27.0288,35.8,97,100,15.97,FI,1697142938
91,nova vicosa,-17.8919,-39.3719,75.92,78,13,14.07,BR,1697142938
92,plain city,41.298,-112.0861,50.07,76,100,5.01,US,1697142439
93,laguna,38.421,-121.4238,79.29,35,0,10.36,US,1697142938
94,isafjordur,66.0755,-23.124,33.06,94,100,33.78,IS,1697142938
95,uturoa,-16.7333,-151.4333,78.76,70,10,14.76,PF,1697142939
96,shihezi,44.3,86.0333,62.22,30,0,2.33,CN,1697142939
97,alofi,-19.0595,-169.9187,80.49,57,40,12.66,NU,1697142939
98,utrik,11.2278,169.8474,82.13,78,31,10.71,MH,1697142939
99,fort st. john,56.2499,-120.8529,55.29,62,20,9.22,CA,1697142754
100,st. john's,47.5649,-52.7093,56.55,97,100,10.36,CA,1697142940
101,ancud,-41.8697,-73.8203,50.04,68,49,2.93,CL,1697142940
102,hassi messaoud,31.6804,6.0729,80.46,28,0,6.91,DZ,1697142940
103,callao,-12.0667,-77.15,68.29,73,75,8.05,PE,1697142940
104,olonkinbyen,70.9221,-8.7187,32.05,83,94,21.32,SJ,1697142941
105,nar'yan-mar,67.6713,53.087,34.11,76,100,8.99,RU,1697142714
106,flying fish cove,-10.4217,105.6791,76.68,83,75,11.5,CX,1697142941
107,carrizo springs,28.5219,-99.8606,88.41,51,0,6.91,US,1697142941
108,concordia,-31.393,-58.0209,61.79,44,4,8.99,AR,1697142942
109,arraial do cabo,-22.9661,-42.0278,80.56,73,0,12.66,BR,1697142942
110,ribeira grande,38.5167,-28.7,68.4,77,20,6.91,PT,1697142942
111,sault ste. marie,46.5168,-84.3333,57.49,52,0,10.36,CA,1697142560
112,azul,-36.777,-59.8585,61.27,33,55,6.85,AR,1697142942
113,punta arenas,-53.15,-70.9167,51.91,62,20,29.93,CL,1697142934
114,yuli,9.6989,10.2744,76.06,72,100,3.8,NG,1697142943
115,oued el abtal,35.456,0.6878,75.09,49,0,0.43,DZ,1697142943
116,tofol,5.3248,163.0078,83.25,74,46,8.08,FM,1697142943
117,pacific grove,36.6177,-121.9166,78.39,50,0,5.75,US,1697142917
118,hithadhoo,-0.6,73.0833,81.16,72,92,12.17,MV,1697142688
119,bismarck,46.8083,-100.7837,53.44,58,100,20.71,US,1697142944
120,baruun-urt,46.6806,113.2792,39.79,57,0,6.17,MN,1697142944
121,pakse,15.1167,105.7833,72.79,95,83,3.04,LA,1697142944
122,gatton,-27.55,152.2833,65.64,58,0,6.06,AU,1697142944
123,jilin,43.0,126.0,47.52,69,33,3.24,CN,1697142945
124,carutapera,-1.195,-46.02,80.62,75,19,8.61,BR,1697142945
125,gelendzhik,44.5731,38.0747,54.54,66,0,7.0,RU,1697142689
126,lincoln,40.8,-96.667,62.69,89,100,20.71,US,1697142573
127,taoudenni,22.6783,-3.9836,87.37,13,0,11.7,ML,1697142945
128,acarau,-2.8856,-40.12,79.84,79,16,17.16,BR,1697142946
129,mount pearl,47.5166,-52.7813,55.72,96,100,10.36,CA,1697142862
130,saipan,15.1355,145.701,83.1,94,100,14.97,MP,1697142946
131,bengkulu,-3.8004,102.2655,73.17,94,51,3.06,ID,1697142946
132,lompoc,34.6391,-120.4579,83.79,41,0,9.22,US,1697142771
133,fada,9.5667,8.3,69.49,85,100,1.81,NG,1697142947
134,vorgashor,67.5833,63.95,30.97,73,100,14.58,RU,1697142947
135,konongo,6.6167,-1.2167,73.53,99,99,2.35,GH,1697142947
136,jamestown,42.097,-79.2353,60.39,62,75,10.36,US,1697142854
137,hamilton,39.1834,-84.5333,81.43,47,0,9.22,US,1697142706
138,obidos,-1.9175,-55.5181,94.66,33,18,3.98,BR,1697142948
139,klyuchi,52.2667,79.1667,44.08,81,100,5.55,RU,1697142948
140,karratha,-20.7377,116.8463,80.64,33,2,10.11,AU,1697142842
141,aiquile,-18.2041,-65.1807,75.56,44,30,16.93,BO,1697142948
142,labuan,5.2767,115.2417,80.96,94,20,0.0,MY,1697142948
143,nemuro,43.3236,145.575,53.35,73,0,10.83,JP,1697142949
144,tazovsky,67.4667,78.7,32.95,97,100,4.38,RU,1697142949
145,casper,42.8666,-106.3131,37.99,92,100,23.02,US,1697142853
146,colonia,50.9333,6.95,64.29,94,75,5.75,DE,1697142745
147,codrington,-38.2667,141.9667,53.47,91,100,15.03,AU,1697142949
148,tippi,7.2,35.45,63.37,98,93,3.4,ET,1697142950
149,aasiaat,68.7098,-52.8699,15.8,84,94,8.81,GL,1697142950
150,college,64.8569,-147.8028,29.8,82,100,3.44,US,1697142950
151,savonlinna,61.8699,28.88,41.05,75,100,18.41,FI,1697142950
152,mangalia,43.8,28.5833,59.81,74,0,11.32,RO,1697142950
153,uray,60.1247,64.7758,36.88,83,100,4.0,RU,1697142951
154,alesund,62.4723,6.1549,47.34,72,75,12.66,NO,1697142951
155,bilibino,68.0546,166.4372,13.96,91,100,4.68,RU,1697142951
156,cill airne,52.05,-9.5167,53.13,98,100,3.58,IE,1697142951
157,hobyo,5.3505,48.5268,80.55,83,1,10.25,SO,1697142951
158,gore,-46.1028,168.9436,58.26,57,67,10.8,NZ,1697142952
159,warrenton,-28.114,24.8475,57.45,62,3,3.76,ZA,1697142859
160,petrovsk,52.3064,45.3917,47.08,34,100,23.24,RU,1697142952
161,invercargill,-46.4,168.35,60.03,59,96,15.99,NZ,1697142885
162,grand falls-windsor,48.9332,-55.6649,51.42,88,100,4.23,CA,1697142886
163,seven pagodas,12.6264,80.1722,83.05,81,98,3.62,IN,1697142953
164,coruripe,-10.1256,-36.1756,76.93,82,5,14.2,BR,1697142953
165,malango,-2.9627,119.9001,64.72,93,98,1.95,ID,1697142953
166,nyurba,63.2842,118.3319,35.04,96,98,4.0,RU,1697142953
167,muramvya,-3.2682,29.6079,59.2,84,70,1.39,BI,1697142953
168,nadi,-17.8,177.4167,73.4,83,75,4.61,FJ,1697142724
169,tokar,18.4254,37.729,84.78,74,0,10.78,SD,1697142954
170,pisco,-13.7,-76.2167,73.45,60,20,6.91,PE,1697142954
171,kilju,40.9642,129.3278,53.2,48,85,5.12,KP,1697142954
172,constantia,44.1833,28.65,57.88,71,0,14.16,RO,1697142488
173,manokwari,-0.8667,134.0833,78.55,78,75,3.58,ID,1697142955
174,sola,-13.8833,167.55,78.31,78,97,17.05,VU,1697142955
175,cidreira,-30.1811,-50.2056,59.27,66,100,11.61,BR,1697142955
176,sinabang,2.4803,96.3801,77.92,85,100,2.59,ID,1697142955
177,ust-nera,64.5667,143.2,4.21,99,88,5.01,RU,1697142738
178,jeddah,21.5169,39.2192,87.66,70,0,3.44,SA,1697142956
179,linxia chengguanzhen,35.6003,103.2064,44.73,90,100,0.6,CN,1697142956
180,hermanus,-34.4187,19.2345,58.26,79,100,9.51,ZA,1697142956
181,buxerolles,46.6167,0.4833,62.55,72,0,2.3,FR,1697142957
182,wenchang,30.904,118.4887,63.88,85,100,1.23,CN,1697142957
183,sao gotardo,-19.3111,-46.0489,81.0,47,98,1.88,BR,1697142957
184,carbonear,47.7332,-53.2148,57.0,96,90,5.97,CA,1697142957
185,necochea,-38.5473,-58.7368,53.2,52,0,3.74,AR,1697142958
186,la passe,45.5549,-0.8967,68.23,54,78,5.86,FR,1697142958
187,contamana,-7.3333,-75.0167,94.89,37,98,3.44,PE,1697142958
188,polyarnyy,69.1989,33.4478,38.07,86,100,23.29,RU,1697142958
189,ust-tsilma,65.441,52.1498,36.61,96,100,8.01,RU,1697142959
190,minas de marcona,-15.2119,-75.1103,64.92,63,37,13.58,PE,1697142959
191,mucur,39.0615,34.3829,46.42,48,0,2.15,TR,1697142959
192,holualoa,19.6228,-155.9522,82.54,69,0,8.05,US,1697142959
193,khash,28.2211,61.2158,71.8,16,0,3.58,IR,1697142959
194,georgetown,5.4112,100.3354,80.53,93,20,3.44,MY,1697142827
195,pasan,22.85,82.2,72.46,66,44,2.8,IN,1697142960
196,san patricio,28.017,-97.5169,87.75,64,69,13.47,US,1697142960
197,salalah,17.0151,54.0924,80.69,74,0,2.3,OM,1697142960
198,yatou,37.15,122.3833,60.19,58,100,0.43,CN,1697142960
199,kratie,12.4881,106.0188,73.78,96,98,3.4,KH,1697142961
200,santa cruz,-17.8,-63.1667,90.86,33,20,10.36,BO,1697142879
201,el chorrillo,-33.2909,-66.268,68.2,21,3,4.14,AR,1697142961
202,sabak bernam,3.7698,100.9879,75.18,96,91,3.42,MY,1697142962
203,sitangkai,4.6628,119.3928,83.34,72,100,5.97,PH,1697142962
204,altai,46.3722,96.2583,40.08,40,0,5.39,MN,1697142962
205,tsiombe,-25.3,45.4833,69.98,79,52,16.55,MG,1697142962
206,urengoy,65.9667,78.3667,34.11,97,98,4.0,RU,1697142963
207,ladysmith,48.9829,-123.8194,61.45,76,20,4.61,CA,1697142749
208,bahia blanca,-38.7196,-62.2724,72.82,13,3,7.0,AR,1697142963
209,chonchi,-42.6128,-73.8092,54.61,66,77,2.46,CL,1697142963
210,koungou,-12.7336,45.2042,78.51,83,0,3.44,YT,1697142964
211,rabo de peixe,37.8,-25.5833,67.98,99,20,12.66,PT,1697142964
212,mateus leme,-19.9864,-44.4278,83.57,46,67,2.48,BR,1697142964
213,cholpon-ata,42.6494,77.0823,50.05,51,92,1.1,KG,1697142964
214,papao,-17.75,-149.55,83.88,76,28,14.72,PF,1697142965
215,tamasi,46.6333,18.2833,63.39,69,86,4.54,HU,1697142965
216,saint-francois,46.4154,3.9054,62.65,88,0,2.3,FR,1697142965
217,kudymkar,59.0173,54.656,38.89,93,100,14.05,RU,1697142965
218,kodiak,57.79,-152.4072,38.71,65,100,14.97,US,1697142965
219,sechura,-5.5569,-80.8222,79.18,58,84,15.64,PE,1697142966
220,taupo,-38.6833,176.0833,50.54,73,71,1.77,NZ,1697142966
221,murtajapur,20.7333,77.3833,79.03,59,59,3.33,IN,1697142966
222,izluchinsk,60.9794,76.9242,37.99,94,82,7.72,RU,1697142966
223,san julian,21.0167,-102.1667,77.49,31,5,10.54,MX,1697142967
224,srivardhan,18.0333,73.0167,78.93,85,98,5.3,IN,1697142967
225,atafu village,-8.5421,-172.5159,83.37,78,6,13.56,TK,1697142967
226,villanueva,15.3167,-88.0,99.59,39,20,6.91,HN,1697142898
227,luanda,-8.8368,13.2343,77.0,78,0,10.36,AO,1697142800
228,tabou,4.423,-7.3528,77.4,89,100,4.9,CI,1697142968
229,novyy urgal,51.0736,132.5642,43.99,87,17,3.74,RU,1697142968
230,fale old settlement,-9.3852,-171.2468,82.92,79,29,17.81,TK,1697142968
231,kavaratti,10.5669,72.642,81.84,73,99,0.89,IN,1697142968
232,sarina,-21.4333,149.2167,65.61,1,1,3.36,AU,1697142969
233,east london,-33.0153,27.9116,61.07,80,6,7.74,ZA,1697142702
234,la'ie,21.6477,-157.9253,85.96,66,1,5.01,US,1697142969
235,soe,-9.8607,124.284,63.63,84,15,4.14,ID,1697142969
236,port elizabeth,-33.918,25.5701,62.89,81,0,21.85,ZA,1697142969
237,san-pedro,4.7485,-6.6363,76.59,92,100,5.06,CI,1697142970
238,youhao,47.8667,128.8333,43.41,83,0,4.09,CN,1697142970
239,al hazm,16.1641,44.7769,77.13,23,0,3.24,YE,1697142970
240,okha,53.5739,142.9478,46.96,83,100,10.76,RU,1697142970
241,san juan,-31.5375,-68.5364,71.06,17,0,5.91,AR,1697142798
242,omdurman,15.6445,32.4777,95.95,17,34,14.94,SD,1697142971
243,broome,42.2506,-75.833,64.78,66,75,5.99,US,1697142965
244,az zawiyah,32.0963,35.0398,72.79,64,20,3.44,PS,1697142971
245,khandyga,62.6667,135.6,25.88,98,100,2.44,RU,1697142971
246,twon-brass,4.3151,6.2418,79.99,84,91,9.19,NG,1697142971
247,port shepstone,-30.7414,30.455,64.15,81,100,14.83,ZA,1697142972
248,maizuru,35.45,135.3333,57.97,77,64,1.81,JP,1697142972
249,kaduna,10.5222,7.4383,75.63,64,96,7.29,NG,1697142911
250,ceerigaabo,10.6162,47.368,66.24,71,56,3.13,SO,1697142972
251,miquelon,47.0975,-56.3814,55.4,73,73,9.84,PM,1697142973
252,kalmunai,7.4167,81.8167,75.6,94,100,3.42,LK,1697142973
253,usogorsk,63.4106,48.6872,36.66,96,100,11.03,RU,1697142973
254,badger,64.8,-147.5333,29.71,82,100,3.44,US,1697142973
255,viedma,-40.8135,-62.9967,60.44,33,44,13.56,AR,1697142683
256,plottier,-38.9667,-68.2333,71.51,24,0,2.3,AR,1697142974
257,keflavik,64.0049,-22.5624,39.63,75,75,25.32,IS,1697142974
258,fort stockton,30.894,-102.8793,92.16,22,0,8.05,US,1697142974
259,vadso,70.0744,29.7487,40.08,87,75,17.27,NO,1697142974
260,dwarka,22.2394,68.9678,80.35,75,2,7.23,IN,1697142975
261,quellon,-43.1167,-73.6167,48.83,65,50,9.75,CL,1697142975
262,fortuna,40.5982,-124.1573,68.94,67,0,1.99,US,1697142975
263,nueva gerona,21.8833,-82.8,89.08,56,100,15.17,CU,1697142975
264,bayanhongor,46.7167,100.1167,31.73,64,0,1.1,MN,1697142976
265,cockburn town,21.4612,-71.1419,84.33,77,94,13.35,TC,1697142931
266,hadibu,12.65,54.0333,80.85,81,48,4.72,YE,1697142976
267,palmer,42.1584,-72.3287,69.35,43,75,6.91,US,1697142732
268,kyzyl,51.7,94.45,49.01,57,100,4.0,RU,1697142977
269,aver-o-mar,41.4078,-8.7812,76.32,46,0,8.05,PT,1697142977
270,miramichi,47.0043,-65.4654,54.77,76,38,4.94,CA,1697142977
271,guerrero negro,27.9769,-114.0611,71.67,56,1,15.39,MX,1697142977
272,kisangani,0.5167,25.2,73.92,80,23,1.59,CD,1697142978
273,cabo san lucas,22.8909,-109.9124,92.61,61,0,19.57,MX,1697142933
274,tindouf,27.6711,-8.1474,82.85,18,0,8.05,DZ,1697142978
275,mutuali,-14.8706,37.0044,78.98,26,100,0.72,MZ,1697142978
276,hirara,24.8,125.2833,78.66,78,100,16.11,JP,1697142978
277,maumere,-8.6199,122.2111,77.79,70,31,2.33,ID,1697142978
278,dosso,13.049,3.1937,90.03,26,7,5.23,NE,1697142979
279,vilyuysk,63.7553,121.6247,28.18,82,86,11.01,RU,1697142697
280,ketchikan,55.3422,-131.6461,57.18,76,100,14.97,US,1697142979
281,weingarten,47.8,9.6333,63.55,88,40,0.0,DE,1697142842
282,east ballina,-28.8667,153.5833,67.5,70,3,5.3,AU,1697142980
283,chashniki,54.8569,29.1607,48.97,76,9,15.52,BY,1697142980
284,calarasi,47.2544,28.3081,57.31,52,33,6.91,MD,1697142980
285,niafunke,15.9322,-3.9906,93.78,15,84,4.92,ML,1697142980
286,qaqortoq,60.7167,-46.0333,37.47,81,99,9.24,GL,1697142980
287,kristinehamn,59.3098,14.1081,45.16,66,12,8.1,SE,1697142981
288,telimele,10.9167,-13.3333,71.46,91,98,1.68,GN,1697142981
289,rawatsar,29.2833,74.3833,82.49,23,0,8.61,IN,1697142981
290,inyonga,-6.7167,32.0667,74.48,48,92,4.38,TZ,1697142981
291,pala,9.3642,14.9046,76.78,75,49,3.51,TD,1697142981
292,mglin,53.0591,32.8475,54.9,89,100,11.81,RU,1697142982
293,la foa,-21.7108,165.8276,69.76,68,3,2.42,NC,1697142982
294,lihue,21.9789,-159.3672,82.74,69,40,11.5,US,1697142684
295,talnakh,69.4865,88.3972,29.21,98,100,3.47,RU,1697142982
296,gualaceo,-2.9,-78.7833,76.66,63,80,7.81,EC,1697142982
297,sretensk,52.2453,117.7093,38.75,58,78,4.0,RU,1697142983
298,chengde,40.9725,117.9361,49.21,93,47,2.53,CN,1697142983
299,cimislia,46.52,28.7842,57.34,77,20,13.13,MD,1697142983
300,roma,43.2128,-75.4557,60.96,62,40,10.36,US,1697142984
301,el golaa,33.4849,9.0068,74.37,46,0,10.38,TN,1697142984
302,mongo,12.1844,18.693,84.0,48,100,2.89,TD,1697142984
303,ilhabela,-23.7781,-45.3581,72.82,96,97,10.49,BR,1697142984
304,berdigestyakh,62.0989,126.6992,34.29,97,100,5.01,RU,1697142984
305,morehead city,34.7229,-76.726,65.98,91,40,11.01,US,1697142985
306,keta,5.9179,0.9879,82.62,84,92,9.46,GH,1697142985
307,kirzhach,56.15,38.8667,51.17,81,55,12.8,RU,1697142985
308,chopinzinho,-25.8558,-52.5233,59.54,91,100,8.57,BR,1697142985
309,kittila,67.6647,24.8936,35.74,80,40,18.41,FI,1697142985
310,yuzhno-kurilsk,44.0306,145.8556,55.38,70,0,5.5,RU,1697142986
311,port alberni,49.2413,-124.8028,58.12,55,7,3.94,CA,1697142886
312,aginskoye,51.1,114.53,41.81,70,15,5.75,RU,1697142986
313,berekum,7.4534,-2.584,72.54,95,100,3.18,GH,1697142986
314,totness,5.8833,-56.3167,83.77,74,3,12.06,SR,1697142987
315,takoradi,4.8845,-1.7554,76.06,92,100,8.16,GH,1697142700
316,isabela,6.7085,121.9711,78.57,84,16,3.0,PH,1697142987
317,avanigadda,16.0215,80.9181,78.94,85,9,4.25,IN,1697142987
318,brezina,33.0989,1.2608,69.01,31,0,6.15,DZ,1697142987
319,vikulovo,56.8167,70.6107,38.8,74,100,12.01,RU,1697142736
320,robbah,33.2797,6.9098,74.84,39,0,7.49,DZ,1697142988
321,mindelo,16.8901,-24.9804,81.95,74,40,6.91,CV,1697142988
322,tantou,26.0314,119.5986,71.37,78,75,6.71,CN,1697142988
323,santo pipo,-27.1413,-55.4087,59.16,79,88,5.53,AR,1697142989
324,linqiong,30.4159,103.4609,62.42,90,100,3.15,CN,1697142989
325,lisala,2.15,21.5167,71.42,87,28,2.59,CD,1697142989
326,lebu,-37.6167,-73.65,51.84,73,0,22.39,CL,1697142989
327,warrnambool,-38.3833,142.4833,54.14,89,100,18.07,AU,1697142989
328,haffouz,35.6324,9.6762,72.63,47,0,3.11,TN,1697142990
329,juan de herrera,18.874,-71.2383,83.07,71,79,4.43,DO,1697142990
330,hotan,37.0997,79.9269,59.49,24,0,3.74,CN,1697142990
331,dodola,6.9833,39.1833,51.33,86,45,2.51,ET,1697142990
332,pokrovskoye,47.4157,38.8971,48.18,42,24,5.82,RU,1697142991
333,sarandi del yi,-33.35,-55.6333,55.92,50,13,12.41,UY,1697142991
334,arkhangel'sk,64.5401,40.5433,40.12,94,77,5.32,RU,1697142991
335,sucua,-2.4667,-78.1667,88.54,45,40,6.91,EC,1697142991
336,ghat,24.9647,10.1728,78.76,24,13,8.61,LY,1697142991
337,wadebridge,50.5173,-4.8363,61.97,100,75,14.97,GB,1697142992
338,palangkaraya,-2.2,113.8333,74.62,90,96,1.25,ID,1697142992
339,price,39.5994,-110.8107,54.66,35,75,12.66,US,1697142992
340,senatobia,34.6176,-89.9687,71.64,79,100,4.0,US,1697142992
341,borogontsy,62.6683,131.1683,36.28,71,100,11.01,RU,1697142993
342,san rafael,-34.6177,-68.3301,69.58,16,0,11.77,AR,1697142993
343,auch,43.65,0.5833,71.46,59,3,4.0,FR,1697142993
344,lerdo de tejada,18.6167,-95.5167,88.5,72,75,9.6,MX,1697142993
345,port saint john's,-31.6229,29.5448,62.71,81,43,7.47,ZA,1697142993
346,klaksvik,62.2266,-6.589,41.92,71,18,22.12,FO,1697142994
347,calama,-22.4667,-68.9333,79.29,6,0,24.16,CL,1697142994
348,kruisfontein,-34.0033,24.7314,57.9,74,2,18.5,ZA,1697142994
349,road town,18.4167,-64.6167,87.84,70,40,5.75,VG,1697142994
350,nong wua so,17.1626,102.5727,72.21,89,17,2.08,TH,1697142995
351,muynoq,43.7683,59.0214,51.13,56,66,9.01,UZ,1697142995
352,kingscliff,-28.2667,153.5667,67.95,73,1,10.36,AU,1697142995
353,pacocha,-17.5833,-71.3333,69.94,73,75,6.91,PE,1697142995
354,tekkali,18.6167,84.2333,76.39,84,17,3.18,IN,1697142995
355,harstad,68.799,16.5293,35.62,85,70,8.99,NO,1697142996
356,vila velha,-20.3297,-40.2925,80.55,81,0,20.71,BR,1697142996
357,bereznik,62.8551,42.7072,44.51,80,100,12.28,RU,1697142996
358,le port,-20.9373,55.2919,73.4,95,45,2.53,RE,1697142996
359,kabo,7.6994,18.629,72.07,95,84,3.36,CF,1697142996
360,mejit,10.2753,170.8646,81.66,79,40,8.95,MH,1697142997
361,lagoa,39.05,-27.9833,67.84,76,2,12.1,PT,1697142997
362,kapuskasing,49.4169,-82.4331,50.09,87,75,9.22,CA,1697142997
363,fisterra,42.9049,-9.2629,73.74,84,100,18.16,ES,1697142997
364,chinchani,19.8667,72.7,80.42,75,7,6.46,IN,1697142997
365,amanalco de becerra,19.3167,-100.0167,69.22,71,49,8.03,MX,1697142998
366,mana,5.6592,-53.7767,82.67,75,47,11.63,GF,1697142998
367,kroya,-7.6331,109.2461,76.06,86,100,4.07,ID,1697142998
368,sandnessjoen,66.0217,12.6316,41.41,81,20,3.44,NO,1697142998
369,xining,36.6167,101.7667,41.67,88,99,1.21,CN,1697142999
370,mukalla,14.5425,49.1242,81.16,75,25,5.7,YE,1697142999
371,peace river,56.2501,-117.286,61.11,67,75,9.22,CA,1697142999
372,midvagur,62.0511,-7.1939,41.83,87,75,11.5,FO,1697142999
373,leninskiy,54.2781,37.4558,54.32,58,100,17.02,RU,1697142999
374,susuman,62.7833,148.1667,9.99,77,80,1.99,RU,1697143000
375,haiku-pauwela,20.9219,-156.3051,82.42,65,20,19.57,US,1697143000
376,mikhaylovsk,45.1283,42.0256,43.52,65,0,8.99,RU,1697143000
377,sinop,41.7711,34.8709,51.21,58,0,7.7,TR,1697143000
378,kone,-21.0595,164.8658,71.2,72,38,4.47,NC,1697142719
379,levuka,50.1834,-105.4011,49.82,53,40,16.11,CA,1697143001
380,enewetak,11.3474,162.3373,83.32,69,14,9.62,MH,1697143001
381,novodvinsk,64.4165,40.8122,39.78,94,81,7.52,RU,1697143002
382,nuuk,64.1835,-51.7216,36.14,65,100,6.6,GL,1697143002
383,coahuayana de hidalgo,18.7,-103.6583,82.99,80,78,3.89,MX,1697143002
384,tromso,69.6496,18.957,33.82,75,40,3.44,NO,1697143003
385,laitila,60.8758,21.6977,46.0,75,9,14.29,FI,1697143004
386,tasqala,51.1167,50.3167,42.69,47,76,20.74,KZ,1697143004
387,bandarbeyla,9.4942,50.8122,78.76,88,4,4.85,SO,1697142937
388,preobrazheniye,42.9019,133.9064,58.44,62,0,8.99,RU,1697143004
389,songling,31.1933,120.7176,64.9,95,100,3.74,CN,1697143004
390,shahrud,36.4182,54.9763,48.06,70,66,8.59,IR,1697143005
391,newman,37.3138,-121.0208,75.29,37,4,5.99,US,1697142856
392,merizo village,13.2658,144.6691,81.16,95,98,23.98,GU,1697143005
393,talwandi bhai,30.85,74.9333,73.09,34,0,6.38,IN,1697143005
394,pucheng,27.9233,118.5333,64.63,92,100,2.42,CN,1697143005
395,jinchang,38.4953,102.1739,50.41,51,93,3.31,CN,1697142712
396,tynda,55.1667,124.7167,41.81,82,58,3.15,RU,1697143006
397,laojunmiao,39.8333,97.7333,44.56,32,23,4.18,CN,1697143006
398,christchurch,-43.5333,172.6333,60.48,87,54,8.05,NZ,1697142916
399,mar'yinka,47.9453,37.5054,48.34,60,51,7.92,UA,1697143007
400,kirensk,57.7853,108.1119,47.01,66,100,10.0,RU,1697143007
401,thunder bay,48.4001,-89.3168,51.78,58,75,4.61,CA,1697142814
402,urangan,-25.3,152.9,70.47,66,0,14.23,AU,1697143007
403,codajas,-3.8367,-62.0569,99.79,28,52,2.21,BR,1697143007
404,diego de almagro,-26.3667,-70.05,79.56,14,3,9.71,CL,1697143008
405,iznalloz,37.3926,-3.5276,72.39,44,94,2.53,ES,1697143008
406,baikonur,45.6167,63.3167,47.97,41,13,14.7,KZ,1697143008
407,visakhapatnam,17.69,83.2093,78.4,79,88,2.21,IN,1697143008
408,buala,-8.145,159.5921,80.8,82,100,3.67,SB,1697143009
409,bocas del toro,9.3333,-82.25,89.11,70,74,3.0,PA,1697143009
410,shingu,33.7333,135.9833,57.25,77,2,5.35,JP,1697143009
411,greenwood,34.1668,-82.1165,66.07,52,100,8.05,US,1697142960
412,lamu,-2.2717,40.902,77.22,89,100,9.53,KE,1697143009
413,pyoksong-up,38.0475,125.5567,58.98,57,100,1.81,KP,1697143010
414,ribeira brava,32.65,-17.0667,82.13,19,100,4.09,PT,1697143010
415,afaahiti,-17.75,-149.2833,82.27,79,52,12.12,PF,1697143010
416,pauini,-7.7136,-66.9764,96.01,38,89,4.54,BR,1697143010
417,turtas,58.9417,69.1325,37.71,82,100,10.67,RU,1697143011
418,biltine,14.5333,20.9167,89.22,17,100,5.32,TD,1697143011
419,vorsma,55.9856,43.2717,51.64,88,100,20.09,RU,1697143011
420,tionk essil,12.7856,-16.5217,82.45,83,99,3.87,SN,1697142778
421,tot'ma,59.9747,42.7642,44.24,81,64,14.36,RU,1697143011
422,bangassou,4.7413,22.8184,71.6,96,64,0.56,CF,1697143012
423,maunabo,18.0072,-65.8993,90.64,85,51,9.71,PR,1697143012
424,aykhal,66.0,111.5,24.06,78,60,11.01,RU,1697143012
425,laoang,12.5,125.0167,75.4,95,51,1.59,PH,1697143012
426,ulaangom,49.9811,92.0667,44.46,70,11,2.77,MN,1697143013
427,oeiras do para,-2.0031,-49.8544,88.18,53,78,7.0,BR,1697143013
428,kapa'a,22.0752,-159.319,84.47,65,40,11.5,US,1697143013
429,hasaki,35.7333,140.8333,57.29,50,3,12.3,JP,1697143013
430,minab,27.1467,57.0801,80.92,44,0,0.0,IR,1697143014
431,igarka,67.4667,86.5833,34.03,99,100,6.08,RU,1697143014
432,aquidauana,-20.4711,-55.7872,93.49,39,67,8.28,BR,1697142942
433,ariquemes,-9.9133,-63.0408,91.02,44,92,3.31,BR,1697142845
434,cole harbour,44.6724,-63.4751,63.79,52,20,8.05,CA,1697143014
435,kerema,-7.9631,145.7785,76.03,90,100,2.53,PG,1697143015
436,ha'il,27.5219,41.6907,82.42,30,0,9.22,SA,1697143015
437,mogadishu,2.0371,45.3438,78.85,88,84,6.76,SO,1697143015
438,sabaneta,6.15,-75.6,80.67,61,40,13.8,CO,1697143015
439,iwanai,42.9744,140.5089,52.03,83,0,2.64,JP,1697143015
440,fort mcmurray,56.7268,-111.381,67.59,39,0,9.22,CA,1697143016
441,senanga,-16.1167,23.2667,80.85,26,84,4.0,ZM,1697143016
442,praia da vitoria,38.7333,-27.0667,68.25,83,20,8.01,PT,1697143016
443,international falls,48.6011,-93.411,53.15,64,75,6.91,US,1697143016
444,faaa,-17.55,-149.6,84.16,65,40,10.36,PF,1697143017
445,tongouson,5.0214,120.1328,82.76,73,69,5.12,PH,1697143017
446,tangalle,6.024,80.7911,76.19,89,100,7.27,LK,1697143017
447,sisimiut,66.9395,-53.6735,31.93,61,100,4.88,GL,1697143017
448,kerikeri,-35.2268,173.9474,55.9,95,15,1.99,NZ,1697143017
449,vizinga,61.0749,50.1031,40.64,95,100,10.33,RU,1697143018
450,melekeok village,7.4957,134.6367,82.53,80,76,13.22,PW,1697143018
451,coquimbo,-29.9533,-71.3436,65.93,59,0,13.8,CL,1697143018
452,kyren,51.6828,102.1408,48.94,58,9,3.0,RU,1697143018
453,kristiansund,63.1115,7.732,44.65,81,75,6.91,NO,1697143018
454,lichtenburg,-26.152,26.1597,61.65,62,51,13.96,ZA,1697143019
455,xanxere,-26.8769,-52.4042,60.91,97,100,6.89,BR,1697143019
456,lidzbark warminski,54.1259,20.5795,57.58,78,17,12.53,PL,1697143019
457,phan rang-thap cham,11.5667,108.9833,76.01,90,57,4.25,VN,1697143019
458,'ain deheb,34.8422,1.547,67.17,31,0,9.13,DZ,1697143019
459,al jawf,29.5,38.75,73.15,41,0,7.27,SA,1697143020
460,weno,7.4515,151.8468,80.55,94,100,3.44,FM,1697143020
461,bam,29.106,58.357,81.37,16,2,7.9,IR,1697143020
462,sterlibashevo,53.4376,55.2578,43.18,51,100,25.43,RU,1697143020
463,yerofey pavlovich,53.9667,121.9667,41.36,73,88,4.65,RU,1697143020
464,solleftea,63.1667,17.2667,39.06,80,8,11.3,SE,1697143021
465,fukuecho,32.6881,128.8419,69.94,62,99,16.75,JP,1697143021
466,bafoulabe,13.8065,-10.8321,79.81,63,52,0.22,ML,1697143021
467,ballina,-28.8667,153.5667,67.51,69,3,5.01,AU,1697143021
468,andkhoy,36.9529,65.1238,55.27,75,100,15.97,AF,1697143022
469,kuta,-8.7233,115.1723,80.55,88,20,7.0,ID,1697143022
470,mahdia,35.5047,11.0622,73.35,59,1,3.98,TN,1697143022
471,pohang,36.0322,129.365,59.99,77,100,2.93,KR,1697143023
472,gorshechnoye,51.5244,38.0365,53.44,58,100,19.8,RU,1697143023
473,belmonte,-15.8631,-38.8828,76.32,77,33,10.71,BR,1697143023
474,puerto aysen,-45.4,-72.7,47.8,93,100,2.04,CL,1697142818
475,longonjo,-12.9067,15.2533,70.68,68,82,2.44,AO,1697143023
476,miranda de ebro,42.6865,-2.947,67.57,40,3,3.11,ES,1697143024
477,suva,-18.1416,178.4415,71.08,94,75,2.3,FJ,1697143024
478,uige,-7.6087,15.0613,70.02,95,100,2.04,AO,1697143024
479,kargopol',61.5071,38.9456,44.06,92,86,15.01,RU,1697143024
480,yima,34.7381,111.8839,55.87,65,45,5.61,CN,1697143024
481,havre,49.5833,0.3333,64.17,94,100,4.61,FR,1697143025
482,redlands,34.0556,-117.1825,84.96,24,0,3.0,US,1697142705
483,phalodi,27.1333,72.3667,84.78,33,0,12.66,IN,1697143025
484,kapoeta,4.7717,33.5903,81.01,54,100,4.29,SS,1697143025
485,pionerskiy,54.9508,20.2275,58.14,64,77,26.55,RU,1697143026
486,chibougamau,49.9168,-74.3659,49.62,76,100,6.91,CA,1697143026
487,az zulfi,26.2995,44.8154,81.5,12,0,8.14,SA,1697143026
488,chirilagua,13.2203,-88.1386,85.03,69,79,3.89,SV,1697143026
489,port lincoln,-34.7333,135.8667,56.48,71,99,12.41,AU,1697143026
490,erenhot,43.6475,111.9767,45.57,51,0,3.0,CN,1697143027
491,ad dabbah,18.05,30.95,90.41,18,0,20.85,SD,1697143027
492,kill devil hills,36.0307,-75.676,69.98,74,100,3.44,US,1697143027
493,igrim,63.1906,64.4162,37.02,85,100,13.0,RU,1697143027
494,sitka,57.0531,-135.33,55.29,71,100,21.85,US,1697143028
495,ouani,-12.1322,44.4258,77.85,76,19,5.7,KM,1697143028
496,nadym,65.5333,72.5167,33.28,87,89,8.63,RU,1697143028
497,wainwright,52.839,-110.8572,58.14,42,2,10.0,CA,1697143028
498,mirnyy,62.5353,113.9611,28.24,100,100,7.0,RU,1697143029
499,turpan,42.9333,89.1667,69.44,21,0,3.06,CN,1697143029
500,dakhla,23.6848,-15.958,72.57,75,0,15.61,EH,1697143029
501,manuguru,17.981,80.7547,73.99,82,34,2.37,IN,1697143029
502,saint-philippe,-21.3585,55.7679,72.99,87,56,7.0,RE,1697143029
503,flin flon,54.7682,-101.865,51.64,71,75,3.44,CA,1697142850
504,palma sola,-23.9634,-64.2987,67.8,34,97,4.43,AR,1697143030
505,daru,-9.0763,143.2092,75.92,95,100,7.99,PG,1697143030
506,key largo,25.0865,-80.4473,89.6,75,100,11.61,US,1697142844
507,wailua homesteads,22.0669,-159.378,83.12,67,40,11.5,US,1697143030
508,coeur d'alene,47.6777,-116.7805,57.52,74,100,5.75,US,1697142988
509,jimo,36.3897,120.4622,60.58,77,99,2.24,CN,1697143031
510,morondava,-20.2833,44.2833,75.72,86,2,2.42,MG,1697143031
511,obo,5.3998,26.4869,69.28,93,66,3.11,CF,1697143031
512,crane,31.3974,-102.3501,90.18,17,0,23.33,US,1697143031
513,prado,-17.3411,-39.2208,75.34,80,8,12.64,BR,1697143032
514,kyrenia,35.3417,33.3167,71.15,57,0,8.88,CY,1697143032
515,islamorada,24.9243,-80.6278,90.0,86,100,5.99,US,1697142993
516,porto novo,6.4965,2.6036,78.31,87,72,6.04,BJ,1697143032
517,mar del plata,-38.0023,-57.5575,55.53,61,0,10.36,AR,1697142937
518,xudat,41.631,48.681,51.15,67,11,4.72,AZ,1697143033
519,loreto,22.2667,-101.9667,77.41,30,0,8.43,MX,1697143033
520,baise city,23.8997,106.6133,70.05,87,89,1.63,CN,1697143033
521,sonson,5.7106,-75.3107,63.37,77,32,2.53,CO,1697143033
522,ndele,8.4109,20.6473,73.9,87,28,0.6,CF,1697143034
523,wenling,28.3669,121.36,67.51,88,100,6.4,CN,1697143034
524,yako,12.9667,-2.2667,76.55,77,100,13.29,BF,1697143034
525,palmaner,13.2,78.75,66.83,85,50,1.12,IN,1697143034
526,constitucion,-35.3333,-72.4167,60.1,60,0,16.51,CL,1697143034
527,stephenville,32.2207,-98.2023,89.24,43,0,12.66,US,1697143035
528,huron,41.1501,-82.5499,62.67,68,73,10.09,US,1697143035
529,okhotsk,59.3833,143.3,23.13,93,38,3.29,RU,1697143035
530,harper,4.375,-7.7169,77.63,88,91,5.75,LR,1697143035
531,zhenzhou,32.2692,119.1789,64.89,78,100,4.16,CN,1697143036
532,farsan,32.2569,50.561,55.44,32,5,6.8,IR,1697143036
533,tanah rata,4.475,101.3704,62.51,94,84,1.07,MY,1697142782
534,kismayo,-0.3582,42.5454,78.53,86,94,10.25,SO,1697143037
535,al wajh,26.2455,36.4525,80.55,65,0,4.61,SA,1697143037
536,mahajanga,-15.7167,46.3167,80.62,83,20,9.22,MG,1697143037
537,alice springs,-23.7,133.8833,54.95,41,1,6.91,AU,1697143037
538,nanao,37.05,136.9667,53.28,71,72,4.36,JP,1697143037
539,perry,37.2506,-83.1999,77.72,45,1,5.08,US,1697143038
540,khovd,48.0056,91.6419,46.11,43,3,4.32,MN,1697143038
541,nagqu,31.5,92.0,22.84,26,5,2.26,CN,1697143038
542,kolonia,50.9333,6.95,64.29,94,100,6.91,DE,1697142933
543,fredrikstad,59.2181,10.9298,48.69,63,0,8.05,NO,1697143038
544,sa pa,22.3402,103.8441,56.01,95,77,1.7,VN,1697143039
545,indre arna,60.4247,5.4764,46.65,81,100,7.29,NO,1697143039
546,namdrik,5.5994,168.1028,83.59,73,93,4.94,MH,1697143039
547,puerto armuelles,8.2833,-82.8667,84.16,74,100,5.01,PA,1697143039
548,capinota,-17.7167,-66.2333,85.41,29,40,18.19,BO,1697143040
549,sept-iles,50.2001,-66.3821,52.05,92,100,8.05,CA,1697142848
550,yibin,28.7667,104.6238,61.5,94,100,5.08,CN,1697143040
551,lagunas,-5.2269,-75.6753,96.17,35,87,0.69,PE,1697143040
552,olyokminsk,60.3736,120.4264,45.0,87,100,11.01,RU,1697143040
553,porto velho,-8.7619,-63.9039,89.65,43,20,6.91,BR,1697142804
554,krasnoturansk,54.3186,91.5639,48.24,57,100,7.0,RU,1697143041
555,kirovskiy,45.0917,133.5136,45.81,80,0,5.68,RU,1697143041
556,rosebud,46.3333,-106.5839,47.98,100,100,11.81,US,1697143041
557,mogocha,53.7333,119.7667,41.76,66,39,4.0,RU,1697143041
558,salym,60.0625,71.4789,35.11,87,99,8.23,RU,1697143042
559,belyy yar,53.6039,91.3903,48.09,53,0,2.24,RU,1697143042
560,gemona,46.2794,13.1431,65.62,87,98,2.21,IT,1697143042
561,vega de alatorre,20.0333,-96.6333,85.01,82,58,7.92,MX,1697143042
562,santa elena de uairen,4.6167,-61.1333,85.28,33,61,7.56,VE,1697143042
563,ndende,-2.4008,11.3581,74.86,97,100,3.04,GA,1697143043
564,dalandzadgad,43.5708,104.425,49.14,31,0,7.25,MN,1697143043
565,howrah,22.5892,88.3103,82.4,89,20,0.0,IN,1697143043
566,mendi,-6.1761,143.6513,55.94,96,100,3.0,PG,1697143043
567,vernon,50.2581,-119.2691,66.76,55,7,3.44,CA,1697142927
568,jangaon,17.7167,79.1833,74.23,71,6,3.29,IN,1697143044
569,rapar,23.5667,70.6333,83.35,61,0,3.15,IN,1697143044
570,padang,-0.9492,100.3543,75.25,92,76,3.04,ID,1697143044
571,kollam,8.8833,76.6,77.36,89,100,2.04,IN,1697143044
572,ta`u,-14.2336,-169.5144,80.55,81,69,20.04,AS,1697143045
573,kingston,17.997,-76.7936,90.55,71,20,11.5,JM,1697143045
574,singkil,-7.9855,111.4161,72.41,91,92,4.34,ID,1697143045
575,segovia,41.1667,-4.0,69.12,38,11,6.46,ES,1697143045
576,taroa,8.7058,171.2275,82.11,77,83,5.53,MH,1697143046
577,san agustin de valle fertil,-30.6335,-67.4682,66.24,26,0,17.9,AR,1697143046
578,kenora,49.8167,-94.4337,52.77,62,75,11.5,CA,1697143046
579,cafayate,-26.073,-65.9761,59.47,51,14,10.85,AR,1697142748
580,baardheere,2.3446,42.2764,78.8,76,100,12.68,SO,1697143046
581,gyeongsan-si,35.8233,128.7378,53.35,87,0,2.3,KR,1697143047
582,realeza,-25.7689,-53.5325,61.2,84,98,7.18,BR,1697143047
583,khark,29.2614,50.3306,86.85,62,0,2.68,IR,1697143047
584,saldanha,-33.0117,17.9442,57.25,79,68,14.79,ZA,1697143047
